,Address,Epochs,Rewards
1,hmoFT...HWdtj,84.0,129.37
2,hmpLd...Zbaf1,84.0,129.37
3,hmqsX...Avek7,84.0,129.37
4,hmspw...uRiUj,84.0,129.37
5,hmrri...njJSh,84.0,129.37
6,hmtDm...Edacb,84.0,129.37
7,hmq4J...LPiZr,84.0,129.37
8,hmqGt...BtUh5,84.0,129.37
9,hmsx4...TTAXP,84.0,129.37
10,hmpsd...2DXpZ,84.0,129.37
11,hmsWH...pay9s,84.0,129.37
12,hmq9K...7gCx7,84.0,129.37
13,hmry2...CdV2q,84.0,129.37
14,hmoFA...pTjXF,84.0,129.37
15,hmrrv...Yp6KY,84.0,129.37
16,hmpxf...43499,84.0,129.37
17,hmrYm...JrX3K,84.0,129.37
18,hmrU8...tPvDL,84.0,129.37
19,hmsNc...WNcbF,84.0,129.37
20,hmrg9...LWB73,84.0,129.37
21,hmo2G...DCmMP,84.0,129.37
22,hmsQZ...DEj69,84.0,129.37
23,hmtE8...iFMvs,84.0,129.37
24,hmokF...8Bdm5,84.0,129.37
25,hmswd...R9isM,84.0,129.37
26,hmpXQ...iD2TP,84.0,129.37
27,hmqy7...2pmbP,84.0,129.37
28,hmp4K...99Bqj,84.0,129.37
29,hmsbV...igsux,84.0,129.37
30,hmqTu...Feexc,84.0,129.37
31,hmqNM...TvGqP,84.0,129.37
32,hmpZx...3GovW,84.0,129.37
33,hmpv3...eZk3w,84.0,129.37
34,hmqR7...SoQko,84.0,129.37
35,hmpPB...aTwfE,84.0,129.37
36,hmqug...h6BXc,84.0,129.37
37,hmsas...hqmvz,84.0,129.37
38,hmqWe...GkrHU,84.0,129.37
39,hmrmg...PdZqr,84.0,129.37
40,hmqsF...zHAsq,84.0,129.37
41,hmqxb...yFe8e,84.0,129.37
42,hmoLL...XETDk,84.0,129.37
43,hmrp8...TjfmJ,84.0,129.37
44,hmrp5...5KWit,84.0,129.37
45,hmsrR...4zoBz,84.0,129.37
46,hmspa...xgwaN,84.0,129.37
47,hmo5H...QrMHQ,84.0,129.37
48,hmqmj...xaqL5,84.0,129.37
49,hmoXo...J9S6R,84.0,129.37
50,hmrCE...hrfYo,84.0,129.37
51,hmrU6...gLaq8,84.0,129.37
52,hmnnc...xq6Fy,84.0,129.37
53,hmoby...WC2fX,84.0,129.37
54,hmtBP...8kM3p,84.0,129.37
55,hmsGL...4KAzZ,84.0,129.37
56,hmoym...XEvme,84.0,129.37
57,hmoFj...MJkmQ,84.0,129.37
58,hmnvy...HT4Rm,84.0,129.37
59,hmrUD...3PVkn,84.0,129.37
60,hmpcD...aha1s,84.0,129.37
61,hmo4f...pvMTi,84.0,129.37
62,hmtDu...Wqgux,84.0,129.37
63,hmrbw...6CuEP,84.0,129.37
64,hmrdu...XQX8q,84.0,129.37
65,hmpLH...o6pAA,84.0,129.37
66,hmqs3...5RgbW,84.0,129.37
67,hmqP8...sCLhq,84.0,129.37
68,hmq4U...P3xeT,84.0,129.37
69,hmrsc...ySyTb,84.0,129.37
70,hmo4W...aCuad,84.0,129.37
71,hmqh7...vRfVv,84.0,129.37
72,hmrbu...oE4Gh,84.0,129.37
73,hmpUp...QitpY,84.0,129.37
74,hmqFM...6wmPd,84.0,129.37
75,hmoJV...i6BLh,84.0,129.37
76,hmrZ7...CRRYN,84.0,129.37
77,hmsYD...zz5iT,84.0,129.37
78,hmpHD...VL7gT,84.0,129.37
79,hmrc2...XqmVB,84.0,129.37
80,hmoCG...4SMQP,84.0,129.37
81,hmo79...xDFAZ,84.0,129.37
82,hmt16...xwzq6,84.0,129.37
83,hmqeH...sy72y,84.0,129.37
84,hmsrL...Uviqe,84.0,129.37
85,hmtBd...JxRXW,84.0,129.37
86,hmoWc...S2vAy,84.0,129.37
87,hmqRy...1CgS6,84.0,129.37
88,hmp1x...to5WE,84.0,129.37
89,hmqUX...F3iQ4,84.0,129.37
90,hmq9N...Y58BA,84.0,129.37
91,hmsVN...P68g1,84.0,129.37
92,hmpKn...hQjR2,84.0,129.37
93,hmoPK...tTVeM,84.0,129.37
94,hmsbZ...A66qM,84.0,129.37
95,hmovk...1PbCn,84.0,129.37
96,hmrna...ugB9i,84.0,129.37
97,hmsun...vhBpj,84.0,129.37
98,hmoWZ...DWRcF,84.0,129.37
99,hmo7j...GCN85,84.0,129.37
100,hmoWd...79ohp,84.0,129.37
101,hmrqC...cMqYu,84.0,129.37
102,hmqmw...B8oSp,84.0,129.37
103,hmqC3...a45rv,84.0,129.37
104,hmqRx...AVKNN,84.0,129.37
105,hmpy4...ub9ZL,84.0,129.37
106,hmpni...F55ik,84.0,129.37
107,hmrN4...yQsq7,84.0,129.37
108,hmqWx...yjMaV,84.0,129.37
109,hmqZ5...Mcf6g,84.0,129.37
110,hmrDv...yiGTX,84.0,129.37
111,hmocC...URDVv,84.0,129.37
112,hmqxo...UyvNM,84.0,129.37
113,hmsMn...Z1zcW,84.0,129.37
114,hmpnG...AVpMq,84.0,129.37
115,hmquW...ag8Wh,84.0,129.37
116,hmpoA...v9eZy,84.0,129.37
117,hmoqZ...MhHoD,84.0,129.37
118,hmoUh...aosva,84.0,129.37
119,hmtDv...aZhmZ,84.0,129.37
120,hmsW9...xJQmG,84.0,129.37
121,hmrWf...wgD3V,84.0,129.37
122,hmswx...nteMp,84.0,129.37
123,hmrRE...jBBRX,84.0,129.37
124,hmq46...eQvXd,84.0,129.37
125,hmpsp...oo2CS,84.0,129.37
126,hmt9B...Meq17,84.0,129.37
127,hmqv8...cyttY,84.0,129.37
128,hmp1W...pPPvi,84.0,129.37
129,hms5y...zgtif,84.0,129.37
130,hmoLE...RyTpq,84.0,129.37
131,hmpxq...X5uVG,84.0,129.37
132,hmoEw...wpxUA,84.0,129.37
133,hmpkW...K9gR2,84.0,129.37
134,hmokg...VoKYY,84.0,129.37
135,hmokG...zXZcL,84.0,129.37
136,hmrgb...4u1Ea,84.0,129.37
137,hmqnH...1hRUs,84.0,129.37
138,hmo4S...FnTt5,84.0,129.37
139,hmofA...gBDR5,84.0,129.37
140,hmtEN...KNJGH,84.0,129.37
141,hmsEa...9RWCD,84.0,129.37
142,hmsRJ...DSgwG,84.0,129.37
143,hmqF3...ZfG7B,84.0,129.37
144,hmpc2...XZccD,84.0,129.37
145,hmnfr...hs9k9,84.0,129.37
146,hmnqy...cV6yo,84.0,129.37
147,hmnkG...SqqyL,84.0,129.37
148,hmoyo...tqXTM,84.0,129.37
149,hmtBQ...YQYQ6,84.0,129.37
150,hmq4v...hYoUg,84.0,129.37
151,hmr8r...wpaVy,84.0,129.37
152,hmpU5...r71ke,84.0,129.37
153,hmrur...o8UR2,84.0,129.37
154,hmrq7...PAcjZ,84.0,129.37
155,hmrzv...1AhCz,84.0,129.37
156,hmnz5...cWobz,84.0,129.37
157,hmoyY...3ELFp,84.0,129.37
158,hmnd1...o2Czg,84.0,129.37
159,hmoCp...Bmp11,84.0,129.37
160,hmqnZ...kGQjz,84.0,129.37
161,hmnkq...D1VWq,84.0,129.37
162,hmq1f...qoCRg,84.0,129.37
163,hmsVr...TBFNY,84.0,129.37
164,hmoy4...3ej4S,84.0,129.37
165,hmq9o...YqJQq,84.0,129.37
166,hms18...JZWAL,84.0,129.37
167,hmqNh...787s3,84.0,129.37
168,hmqA4...yeQqz,84.0,129.37
169,hmqW3...nTjxW,84.0,129.37
170,hmsuC...Vgppc,84.0,129.37
171,hmqtA...YSxHB,84.0,129.37
172,hmqgp...5sW77,84.0,129.37
173,hmssJ...qfYNZ,84.0,129.37
174,hmr6P...acBWk,84.0,129.37
175,hmqTx...V6M3p,84.0,129.37
176,hmszd...YS2JP,84.0,129.37
177,hmofH...6CPsR,84.0,129.37
178,hmnkR...tVxYA,84.0,129.37
179,hmnXF...joCM7,84.0,129.37
180,hmnXJ...1bnrh,84.0,129.37
181,hms44...R1LVr,84.0,129.37
182,hmsGo...2brMj,84.0,129.37
183,hmose...x9oRP,84.0,129.37
184,hmspU...uWS1r,84.0,129.37
185,hmnZw...PQRM5,84.0,129.37
186,hmntt...sBen5,84.0,129.37
187,hmqhd...JCunW,84.0,129.37
188,hmp7K...ULM2v,84.0,129.37
189,hmrLL...BNYkY,84.0,129.37
190,hmoXj...3Rtzq,84.0,129.37
191,hmpCM...pYcdJ,84.0,129.37
192,hms99...VaxBV,84.0,129.37
193,hmoZH...7rchg,84.0,129.37
194,hmqHn...FZF21,84.0,129.37
195,hmqNP...vE8Ui,84.0,129.37
196,hmr1M...4fcLJ,84.0,129.37
197,hmnVR...bM1Ko,84.0,129.37
198,hmpLu...bLLpT,84.0,129.37
199,hmrEv...ELtMB,84.0,129.37
200,hmqWQ...13YaE,84.0,129.37
201,hmpP4...wL26d,84.0,129.37
202,hmsY4...7f1kz,84.0,129.37
203,hmqZC...qxvTS,84.0,129.37
204,hmq6V...upqr7,84.0,129.37
205,hmrNA...yfEU6,84.0,129.37
206,hmnvs...y2JHX,84.0,129.37
207,hmsxB...y1o8L,84.0,129.37
208,hmpZk...VQrUJ,84.0,129.37
209,hmsGS...RdZJf,84.0,129.37
210,hmqH9...S62sK,84.0,129.37
211,hmq72...VJarH,84.0,129.37
212,hmovZ...5b8ur,84.0,129.37
213,hmrmc...7fWzJ,84.0,129.37
214,hmp22...iisd2,84.0,129.37
215,hmpRa...2kmj9,84.0,129.37
216,hmner...huAVB,84.0,129.37
217,hmnek...zCuWG,84.0,129.37
218,hmt6b...8isUx,84.0,129.37
219,hmoo3...sbD9G,84.0,129.37
220,hms3s...ZKsnF,84.0,129.37
221,hmrso...bw7GR,84.0,129.37
222,hmqPD...fxQ1H,84.0,129.37
223,hmofD...ujYix,84.0,129.37
224,hmoTv...j9Cad,84.0,129.37
225,hmrCB...ZyhhN,84.0,129.37
226,hmqnK...Bh863,84.0,129.37
227,hmrei...hHy3o,84.0,129.37
228,hmse1...zZ7b5,84.0,129.37
229,hms6P...wQi5V,84.0,129.37
230,hmrRZ...36LKz,84.0,129.37
231,hmqKz...wWdpW,84.0,129.37
232,hmqW9...feWWD,84.0,129.37
233,hmoZg...sVCsw,84.0,129.37
234,hmsQE...1fZeC,84.0,129.37
235,hmnu4...1FgM4,84.0,129.37
236,hms4D...NbZoV,84.0,129.37
237,hmr71...UqXA1,84.0,129.37
238,hmnfi...D1TpK,84.0,129.37
239,hmok9...f6usS,84.0,129.37
240,hmqn6...mRRZ6,84.0,129.37
241,hmoML...5DKCp,84.0,129.37
242,hmqeW...keKzo,84.0,129.37
243,hmpPS...JLSYu,84.0,129.37
244,hmp43...35s3R,84.0,129.37
245,hmppq...5V2dt,84.0,129.37
246,hmsiX...TJ9Mr,84.0,129.37
247,hmrBw...1F3vR,84.0,129.37
248,hmpxe...Pm98i,84.0,129.37
249,hmny9...3ZEGu,84.0,129.37
250,hmncE...hbeSo,84.0,129.37
251,hmpf6...YGtsx,84.0,129.37
252,hmrWS...u9MEZ,84.0,129.37
253,hmrpq...fTUgQ,84.0,129.37
254,hmpcL...zfsG6,84.0,129.37
255,hmqhF...LyA2D,84.0,129.37
256,hms1A...Bf2sq,84.0,129.37
257,hmssJ...LQMZy,84.0,129.37
258,hmsEh...dqz46,84.0,129.37
259,hmoPg...WfKmn,84.0,129.37
260,hmrNH...2HP7c,84.0,129.37
261,hmphy...UYdN4,84.0,129.37
262,hmrH1...qzWpW,84.0,129.37
263,hmoPr...UJEgm,84.0,129.37
264,hmqnd...GmxPg,84.0,129.37
265,hmnqz...vbgSA,84.0,129.37
266,hmqRd...WsNc5,84.0,129.37
267,hmnVQ...kDnu4,84.0,129.37
268,hmnvx...KKtzH,84.0,129.37
269,hmpeZ...PiVEE,84.0,129.37
270,hmrdV...BsxSX,84.0,129.37
271,hmrF3...Hvhu2,84.0,129.37
272,hmo7S...sK9vA,84.0,129.37
273,hmrzX...dEieU,84.0,129.37
274,hmpC4...uZ4su,84.0,129.37
275,hmqqQ...8ibbq,84.0,129.37
276,hmotG...ZTCK2,84.0,129.37
277,hmrnZ...d3eeG,84.0,129.37
278,hmrs6...KjJTR,84.0,129.37
279,hmo5H...j8Mya,84.0,129.37
280,hmqbA...Tqdp9,84.0,129.37
281,hmoA6...QToSB,84.0,129.37
282,hmqxc...Js2V8,84.0,129.37
283,hmnZw...YW14d,84.0,129.37
284,hmqhU...yXmHy,84.0,129.37
285,hmpvi...mvuS8,84.0,129.37
286,hmnk5...mA6Rr,84.0,129.37
287,hmokW...idPMe,84.0,129.37
288,hmr13...V8rbT,84.0,129.37
289,hmpn1...Axrqa,84.0,129.37
290,hmqKT...dPmJi,84.0,129.37
291,hmoJF...8Yfu8,84.0,129.37
292,hmsH9...BySTD,84.0,129.37
293,hmoD8...iSzf9,84.0,129.37
294,hmqU8...QRb1f,84.0,129.37
295,hms8L...igECY,84.0,129.37
296,hmpo9...XefnP,84.0,129.37
297,hmszm...cdryQ,84.0,129.37
298,hmoL3...9wbrL,84.0,129.37
299,hmrpw...J7CZH,84.0,129.37
300,hmqU4...yX81m,84.0,129.37
301,hmqEf...pGy8A,84.0,129.37
302,hmrim...EunN1,84.0,129.37
303,hmpby...cWCte,84.0,129.37
304,hmsDu...Yu6dF,84.0,129.37
305,hmszR...SpEag,84.0,129.37
306,hmsVc...9qGqM,84.0,129.37
307,hmpWd...7GHRM,84.0,129.37
308,hmoJA...aJDP3,84.0,129.37
309,hmrjm...jZSb4,84.0,129.37
310,hmsWa...Q69w8,84.0,129.37
311,hmsQc...vFfZa,84.0,129.37
312,hmsdL...fCmDo,84.0,129.37
313,hmnZp...mLJB5,84.0,129.37
314,hmrjs...g6Mwg,84.0,129.37
315,hmniF...XEA3A,84.0,129.37
316,hmrHa...KZucc,84.0,129.37
317,hmoLb...rrYxX,84.0,129.37
318,hmt5k...yLBUt,84.0,129.37
319,hmpUg...VoNZb,84.0,129.37
320,hmsjc...EyNJ8,84.0,129.37
321,hmrW9...kFPJY,84.0,129.37
322,hmrKt...wR9Wd,84.0,129.37
323,hmq1V...YYDZU,84.0,129.37
324,hmrRb...hGfyD,84.0,129.37
325,hmsXz...bSWLU,84.0,129.37
326,hmoS5...9V1MS,84.0,129.37
327,hmonL...T9F5L,84.0,129.37
328,hmpZu...MEwCg,84.0,129.37
329,hmnhM...4NQmu,84.0,129.37
330,hmoi2...nXAFQ,84.0,129.37
331,hmoha...YhWSy,84.0,129.37
332,hmnV1...DmETN,84.0,129.37
333,hmrgU...PxS7u,84.0,129.37
334,hmp52...7HiZE,84.0,129.37
335,hmqy4...wctns,84.0,129.37
336,hmpLB...HRqcA,84.0,129.37
337,hmsm3...GHzkY,84.0,129.37
338,hmsxN...LtNsx,84.0,129.37
339,hmpTi...7gCso,84.0,129.37
340,hmssV...8LrvS,84.0,129.37
341,hmnfc...KRN1B,84.0,129.37
342,hmniD...dNnrF,84.0,129.37
343,hmsTo...3qbAZ,84.0,129.37
344,hmsbT...SxF6H,84.0,129.37
345,hmoHy...7d7VP,84.0,129.37
346,hmsnA...sWty1,84.0,129.37
347,hmq2K...wF1Kz,84.0,129.37
348,hmsYh...tcR68,84.0,129.37
349,hmoZR...igkUL,84.0,129.37
350,hmp2L...wzFbe,84.0,129.37
351,hmnUT...hyrAN,84.0,129.37
352,hmsjA...gX54c,84.0,129.37
353,hmq96...knVZ4,84.0,129.37
354,hmsQx...j48Ea,84.0,129.37
355,hmrsV...VnsdF,84.0,129.37
356,hmqEJ...jmoke,84.0,129.37
357,hmnUE...S8FSX,84.0,129.37
358,hmohc...NMbpx,84.0,129.37
359,hmt5e...sfxeM,84.0,129.37
360,hmnvs...AJPYu,84.0,129.37
361,hmoWz...PZxJe,84.0,129.37
362,hmqno...ivBXg,84.0,129.37
363,hmsZ4...cbfjT,84.0,129.37
364,hmqEz...W5TrN,84.0,129.37
365,hmq1f...aqaD6,84.0,129.37
366,hmtB5...R2spz,84.0,129.37
367,hmqHK...xvad1,84.0,129.37
368,hmnUf...Le4zD,84.0,129.37
369,hmqvf...a6CA8,84.0,129.37
370,hmqKi...H4HKT,84.0,129.37
371,hmpFb...X9GdU,84.0,129.37
372,hmqBw...bPTx7,84.0,129.37
373,hmt68...GW3Pi,84.0,129.37
374,hmq7H...8PCMJ,84.0,129.37
375,hmnrL...qvVr7,84.0,129.37
376,hmruo...i8P1p,84.0,129.37
377,hmq9j...mDHaL,84.0,129.37
378,hmqkH...LvThj,84.0,129.37
379,hmnto...t1UuM,84.0,129.37
380,hmqer...shhkX,84.0,129.37
381,hmsjJ...7MJgz,84.0,129.37
382,hmpyA...A35pk,84.0,129.37
383,hmp7K...o7Tsq,84.0,129.37
384,hmoqg...Y2XAw,84.0,129.37
385,hmr9V...Y8Z5W,84.0,129.37
386,hmoLj...iTKdD,84.0,129.37
387,hmp4k...ZRTT3,84.0,129.37
388,hmptG...L8iRs,84.0,129.37
389,hmsKX...Q7SAF,84.0,129.37
390,hmnfQ...ZNv6G,84.0,129.37
391,hmoy2...SjXNV,84.0,129.37
392,hmov9...FJMAb,84.0,129.37
393,hmpNT...qGNag,84.0,129.37
394,hmoM3...fXm8P,84.0,129.37
395,hmpWa...MCED5,84.0,129.37
396,hmrqF...1VFrh,84.0,129.37
397,hmqvm...QaXoR,84.0,129.37
398,hmpnf...Fo6ev,84.0,129.37
399,hmoqE...hJBij,84.0,129.37
400,hmr1G...bgj2W,84.0,129.37
401,hmnkf...nHjAs,84.0,129.37
402,hmrH3...reRLz,84.0,129.37
403,hmqWN...nMZtx,84.0,129.37
404,hmrvE...kBLYz,84.0,129.37
405,hmobx...KHqNK,84.0,129.37
406,hmqkA...7GVyd,84.0,129.37
407,hmqpV...CB9Hn,84.0,129.37
408,hmqEW...PyVup,84.0,129.37
409,hmrgY...Lp7kd,84.0,129.37
410,hmpFH...MBjhY,84.0,129.37
411,hmpvt...9q984,84.0,129.37
412,hmssC...icnjF,84.0,129.37
413,hmpjh...h18Pe,84.0,129.37
414,hmnXc...xrxoN,84.0,129.37
415,hmsrc...tsKsR,84.0,129.37
416,hmsWb...KJgPQ,84.0,129.37
417,hmoyM...yUoe2,84.0,129.37
418,hmoPb...Vowe8,84.0,129.37
419,hmoPG...Zabf9,84.0,129.37
420,hmptN...FDCPU,84.0,129.37
421,hmqU2...jY7cr,84.0,129.37
422,hmqvH...E53si,84.0,129.37
423,hmsGR...pbuhv,84.0,129.37
424,hmnkg...ef1sy,84.0,129.37
425,hmr8t...zUVdU,84.0,129.37
426,hmoXE...oGhgN,84.0,129.37
427,hmqCi...NxncK,84.0,129.37
428,hmqbL...ML2d3,84.0,129.37
429,hmqph...93THj,84.0,129.37
430,hmrgq...aaKoG,84.0,129.37
431,hmsnJ...oVvoR,84.0,129.37
432,hmoHs...T5Ac8,84.0,129.37
433,hmsTb...hTnsw,84.0,129.37
434,hmrU6...k1LMw,84.0,129.37
435,hmpXL...i89uz,84.0,129.37
436,hmnfP...ikyL7,84.0,129.37
437,hmovL...h9ipL,84.0,129.37
438,hmqv9...WCkx4,84.0,129.37
439,hmsHN...3VoZn,84.0,129.37
440,hmoFf...RWad6,84.0,129.37
441,hmsE2...ptx5G,84.0,129.37
442,hmsC8...PS5L8,84.0,129.37
443,hmqWs...vdprx,84.0,129.37
444,hmrU2...VfYqE,84.0,129.37
445,hmqCj...HgQCm,84.0,129.37
446,hmt8p...1hTo7,84.0,129.37
447,hmqq7...dtfau,84.0,129.37
448,hmoDE...9vB7P,84.0,129.37
449,hmrKU...TUX95,84.0,129.37
450,hmp5D...DWD96,84.0,129.37
451,hmo2A...iB9HY,84.0,129.37
452,hmnVA...w1SKs,84.0,129.37
453,hmotW...4DE1f,84.0,129.37
454,hmnwG...M8jFc,84.0,129.37
455,hmp7W...LMSdy,84.0,129.37
456,hmqvH...JFkzv,84.0,129.37
457,hmq6w...Tq7LU,84.0,129.37
458,hmoWY...qRhm5,84.0,129.37
459,hmpJF...2WVqw,84.0,129.37
460,hmqtA...rNdkv,84.0,129.37
461,hmsQA...ubUva,84.0,129.37
462,hmni3...u2nKE,84.0,129.37
463,hmqub...w75Kx,84.0,129.37
464,hmsx3...E8pRh,84.0,129.37
465,hmphT...wgd8y,84.0,129.37
466,hmpD3...TYPXk,84.0,129.37
467,hmrn1...3JzXd,84.0,129.37
468,hmrC5...Y52Fc,84.0,129.37
469,hmrTC...CLZXo,84.0,129.37
470,hmrTS...9mkYZ,84.0,129.37
471,hmpFZ...UNXY3,84.0,129.37
472,hmsiz...ArNcS,84.0,129.37
473,hmoLx...yo7vX,84.0,129.37
474,hmsKn...rvbQy,84.0,129.37
475,hmt2s...KxeDM,84.0,129.37
476,hmsKr...c3CuY,84.0,129.37
477,hmt18...uMTQi,84.0,129.37
478,hmqt8...E7Umm,84.0,129.37
479,hmpqQ...TdXdy,84.0,129.37
480,hmrE6...1sCKw,84.0,129.37
481,hmrEi...5KUe7,84.0,129.37
482,hmsW6...kUJbi,84.0,129.37
483,hmrip...By5jb,84.0,129.37
484,hmqhG...NeuT7,84.0,129.37
485,hmqxg...6TcoX,84.0,129.37
486,hmrYm...z8iqU,84.0,129.37
487,hmqRq...UmNm5,84.0,129.37
488,hmo2n...WX3Qx,84.0,129.37
489,hmpWP...g1yBn,84.0,129.37
490,hmoPq...R5siC,84.0,129.37
491,hmqRs...YWb4b,84.0,129.37
492,hmssX...s8SXW,84.0,129.37
493,hmo2j...dCBox,84.0,129.37
494,hmpTm...k5JRS,84.0,129.37
495,hmrut...rM2Py,84.0,129.37
496,hmpcc...Ba7u2,84.0,129.37
497,hmrq4...AtJwi,84.0,129.37
498,hmoA5...nq9D1,84.0,129.37
499,hmsou...n57Vn,84.0,129.37
500,hmsoi...Q4sEy,84.0,129.37
501,hmo5F...9FNvG,84.0,129.37
502,hmrmg...2FX8U,84.0,129.37
503,hmqTw...phRt7,84.0,129.37
504,hmsQa...imWam,84.0,129.37
505,hmsR5...gSeBg,84.0,129.37
506,hmphw...ZnFYZ,84.0,129.37
507,hmqBf...Aodha,84.0,129.37
508,hmp6r...MEbtQ,84.0,129.37
509,hmp7a...QEPcm,84.0,129.37
510,hmqBo...pdyFx,84.0,129.37
511,hmoHe...P4WeF,84.0,129.37
512,hmphS...81Bor,84.0,129.37
513,hmndH...Q88hE,84.0,129.37
514,hmpn4...xbpYw,84.0,129.37
515,hmnvw...abaVC,84.0,129.37
516,hmt14...16qvc,84.0,129.37
517,hmqxD...njwnq,84.0,129.37
518,hmotC...kqcA5,84.0,129.37
519,hmnVF...Gc4M3,84.0,129.37
520,hmpTt...yMGnd,84.0,129.37
521,hmnvq...YzuAE,84.0,129.37
522,hmrTJ...4NpoS,84.0,129.37
523,hmsh1...aGTiU,84.0,129.37
524,hmsgV...UNqaf,84.0,129.37
525,hmoPB...uCaBR,84.0,129.37
526,hmoLW...5NyPE,84.0,129.37
527,hmotB...M7i4H,84.0,129.37
528,hms1Z...qpJGG,84.0,129.37
529,hmsmb...5iD2R,84.0,129.37
530,hmoka...aqAzy,84.0,129.37
531,hmoA8...CgLHG,84.0,129.37
532,hmqW6...xXeMY,84.0,129.37
533,hmswr...BWCUk,84.0,129.37
534,hmr1W...2Be8K,84.0,129.37
535,hmo2G...KwSmX,84.0,129.37
536,hmrWK...Xq3qu,84.0,129.37
537,hmsgy...PKheo,84.0,129.37
538,hmrQn...VpMhi,84.0,129.37
539,hmqRu...hjJnW,84.0,129.37
540,hmt91...H3qRy,84.0,129.37
541,hmrmq...tzyZv,84.0,129.37
542,hmrj5...PcUY5,84.0,129.37
543,hmpt1...1L4qb,84.0,129.37
544,hmsQJ...UYSQo,84.0,129.37
545,hmpAR...aSBuh,84.0,129.37
546,hmoFt...qAUZS,84.0,129.37
547,hmrBP...MUBcL,84.0,129.37
548,hmrN8...5Zexp,84.0,129.37
549,hmqnC...36NXA,84.0,129.37
550,hmovE...5skUk,84.0,129.37
551,hmpPC...TBgWB,84.0,129.37
552,hmq9b...5cyZF,84.0,129.37
553,hms8Q...YKBRW,84.0,129.37
554,hmqTb...isxGt,84.0,129.37
555,hmncD...bwvku,84.0,129.37
556,hmrjq...wUNuP,84.0,129.37
557,hmoAc...5zypq,84.0,129.37
558,hmrNe...z7KyJ,84.0,129.37
559,hmphx...y3YTp,84.0,129.37
560,hmncG...Cshuz,84.0,129.37
561,hmrbZ...kRUcm,84.0,129.37
562,hmsre...c3t7j,84.0,129.37
563,hmpsU...MLN4p,84.0,129.37
564,hmpyC...8eHHN,84.0,129.37
565,hmp26...qc8aD,84.0,129.37
566,hmo1o...DTZw3,84.0,129.37
567,hmrxg...D98kU,84.0,129.37
568,hmqFM...kHJBj,84.0,129.37
569,hmptH...YbJqH,84.0,129.37
570,hmnoQ...ZMyFn,84.0,129.37
571,hmt2o...GxdAy,84.0,129.37
572,hmq9f...wWMbP,84.0,129.37
573,hmoyM...eGS2a,84.0,129.37
574,hmsE8...E6kRs,84.0,129.37
575,hmrGj...iFmVk,84.0,129.37
576,hmspA...nyRJA,84.0,129.37
577,hmoL3...trZMQ,84.0,129.37
578,hmpnq...zqsGR,84.0,129.37
579,hmpZt...yEbSR,84.0,129.37
580,hmszP...NV3Sj,84.0,129.37
581,hmniC...pPt2J,84.0,129.37
582,hmnoj...ezHhE,84.0,129.37
583,hmsiR...ooUX4,84.0,129.37
584,hmtB1...jMkpq,84.0,129.37
585,hms17...f8pGk,84.0,129.37
586,hmpKk...xxM9w,84.0,129.37
587,hmqTw...XfYAk,84.0,129.37
588,hmoD2...CjiDg,84.0,129.37
589,hmoqX...Tb3VV,84.0,129.37
590,hmsQy...UXL2x,84.0,129.37
591,hmpAX...ZajBF,84.0,129.37
592,hmpv9...7omQ5,84.0,129.37
593,hmoRc...27VSE,84.0,129.37
594,hmqgV...nEbhL,84.0,129.37
595,hmnXn...GfEMd,84.0,129.37
596,hmndF...EoARD,84.0,129.37
597,hmpJ8...dxn74,84.0,129.37
598,hmpZq...KnT2H,84.0,129.37
599,hmphu...9GCWv,84.0,129.37
600,hmqKs...ps9mo,84.0,129.37
601,hmsgV...knuHq,84.0,129.37
602,hmqUZ...T3c8k,84.0,129.37
603,hmp9q...Zs47W,84.0,129.37
604,hmqZ1...wzSQx,84.0,129.37
605,hmt3n...JnQqF,84.0,129.37
606,hmqj6...yvKFZ,84.0,129.37
607,hmqjR...HJjSD,84.0,129.37
608,hmo2U...PCCc6,84.0,129.37
609,hmsxi...6Vg7D,84.0,129.37
610,hmpEo...xGpCF,84.0,129.37
611,hmnXR...npUFz,84.0,129.37
612,hmq6R...ACKQS,84.0,129.37
613,hmspC...PYVVf,84.0,129.37
614,hmrGu...Vexx3,84.0,129.37
615,hmo2J...AF9Pp,84.0,129.37
616,hmoPU...EFm8f,84.0,129.37
617,hmpbc...Pt5Fa,84.0,129.37
618,hmqhg...pzD5Q,84.0,129.37
619,hmo2m...YT9Pn,84.0,129.37
620,hmr93...KUP2d,84.0,129.37
621,hmniG...xtgqG,84.0,129.37
622,hmrEZ...M4Hrw,84.0,129.37
623,hmqef...sCPwx,84.0,129.37
624,hmrVy...urHEs,84.0,129.37
625,hmq1v...JmJAe,84.0,129.37
626,hmqEM...BXMQp,84.0,129.37
627,hmsTx...vSaKG,84.0,129.37
628,hmpAL...cVSXR,84.0,129.37
629,hmpNR...sLhxH,84.0,129.37
630,hmsoh...PDDpa,84.0,129.37
631,hmq7B...XLrxq,84.0,129.37
632,hmndA...8YJ4f,84.0,129.37
633,hmq74...GJoaV,84.0,129.37
634,hmpFh...n3oVF,84.0,129.37
635,hmojp...tuC51,84.0,129.37
636,hmoMD...Y7nN9,84.0,129.37
637,hmnyk...GMMWj,84.0,129.37
638,hmrpW...TgeQW,84.0,129.37
639,hmray...ApiGZ,84.0,129.37
640,hmoWy...4hEh5,84.0,129.37
641,hmoUR...3V2xG,84.0,129.37
642,hmqby...ifjzx,84.0,129.37
643,hmt81...GJA6V,84.0,129.37
644,hmsjW...Ys58v,84.0,129.37
645,hmq7A...wBieA,84.0,129.37
646,hmnqu...FqCdX,84.0,129.37
647,hmnqS...HnYTv,84.0,129.37
648,hmojg...WpsEF,84.0,129.37
649,hmnht...Fdqtw,84.0,129.37
650,hmsQY...BuFCq,84.0,129.37
651,hmrBT...qrzL6,84.0,129.37
652,hmt87...7f8uz,84.0,129.37
653,hmocM...HNCwa,84.0,129.37
654,hmpWm...hQzN8,84.0,129.37
655,hmr98...D4xj5,84.0,129.37
656,hmr3w...MJ3wv,84.0,129.37
657,hmosj...WdWn4,84.0,129.37
658,hmsQG...y4uqh,84.0,129.37
659,hmp7L...APVHk,84.0,129.37
660,hmnkK...VBjc1,84.0,129.37
661,hmsMZ...7imsZ,84.0,129.37
662,hmpNS...XbnDJ,84.0,129.37
663,hmnaf...df6Sr,84.0,129.37
664,hmsKx...n3rgw,84.0,129.37
665,hmnk8...mE27J,84.0,129.37
666,hmsmS...BnKGK,84.0,129.37
667,hmohF...TgMm1,84.0,129.37
668,hmphp...vEEdK,84.0,129.37
669,hmsrh...DJ7xw,84.0,129.37
670,hmp4p...L5J4P,84.0,129.37
671,hmnqV...KKr5G,84.0,129.37
672,hmqNT...uR2Bm,84.0,129.37
673,hmqbK...YZP8B,84.0,129.37
674,hmpkW...fZ8Ti,84.0,129.37
675,hmsms...2Xnst,84.0,129.37
676,hmrb9...kH2Pu,84.0,129.37
677,hmq9W...G4xRb,84.0,129.37
678,hmrba...ie37B,84.0,129.37
679,hmsY7...yfAdZ,84.0,129.37
680,hmnwb...f2CLw,84.0,129.37
681,hmocy...yVZKK,84.0,129.37
682,hmpqS...Eices,84.0,129.37
683,hmr4d...DT6Ff,84.0,129.37
684,hmsuz...cnvZh,84.0,129.37
685,hmpsv...kRpeR,84.0,129.37
686,hmpL3...BnC29,84.0,129.37
687,hmrpr...tnaew,84.0,129.37
688,hmosg...3He77,84.0,129.37
689,hmsEe...9UQPt,84.0,129.37
690,hmq1K...gvCQh,84.0,129.37
691,hmndE...n2JXU,84.0,129.37
692,hmrvG...tjd4W,84.0,129.37
693,hmsh1...DbADb,84.0,129.37
694,hmpgm...w1SsZ,84.0,129.37
695,hmoxx...9KAFr,84.0,129.37
696,hms5n...2UVYW,84.0,129.37
697,hmniD...9rHn1,83.0,127.83
698,hmsHL...FJL6k,83.0,127.83
699,hmnWx...eKM39,83.0,127.83
700,hmpeq...RFZjt,83.0,127.83
701,hmqNa...kPKt2,83.0,127.83
702,hmsbi...VyKim,83.0,127.83
703,hmony...c2Cvq,83.0,127.83
704,hmoo1...hL8Fo,83.0,127.83
705,hmpZt...h9cPr,83.0,127.83
706,hmt8j...3AMzE,83.0,127.83
707,hmq3n...7QYdW,83.0,127.83
708,hmqN5...cXyhB,83.0,127.83
709,hmqj3...qRJ4r,83.0,127.83
710,hmsv2...tu7ZU,83.0,127.83
711,hmsuV...76Prs,83.0,127.83
712,hmpJH...PxKoT,83.0,127.83
713,hmsMw...MJuCj,83.0,127.83
714,hmqcC...Kn1xE,83.0,127.83
715,hmnwW...1CVej,83.0,127.83
716,hmq6o...Xx7pP,83.0,127.83
717,hmoUx...GSqjm,83.0,127.83
718,hmq9k...7B2Bo,83.0,127.83
719,hmokF...Jn31N,83.0,127.83
720,hmoAH...JPvQ1,83.0,127.83
721,hmsam...e7fGf,83.0,127.83
722,hmoyS...9KsfZ,83.0,127.83
723,hmrYx...vfRpB,83.0,127.83
724,hmt3d...NZmZ3,83.0,127.83
725,hmqHN...LoNSe,83.0,127.83
726,hmr9H...mPqxS,83.0,127.83
727,hmpqE...VwLEA,83.0,127.83
728,hmo2J...NqmGn,83.0,127.83
729,hmoNz...2vHCp,83.0,127.83
730,hmqe5...Tmtmm,83.0,127.83
731,hmsjJ...StUUo,83.0,127.83
732,hmo1h...BMRhb,83.0,127.83
733,hmokL...ibQt6,83.0,127.83
734,hms5s...a5YVC,83.0,127.83
735,hmpXS...PyUCg,83.0,127.83
736,hmsn8...W8EZr,83.0,127.83
737,hmqc9...rKYfK,83.0,127.83
738,hmono...gGvFD,83.0,127.83
739,hmoSW...dcuJy,83.0,127.83
740,hmot2...rRkXq,83.0,127.83
741,hmrRY...siZ2g,83.0,127.83
742,hmr6t...KcgzE,83.0,127.83
743,hmqbP...3AJ2q,83.0,127.83
744,hmo28...wjZo3,83.0,127.83
745,hmnY1...fjRAK,83.0,127.83
746,hms6x...UJehk,83.0,127.83
747,hmt6A...j2L36,83.0,127.83
748,hmtB8...sbVS5,83.0,127.83
749,hmrbH...UetjR,83.0,127.83
750,hmqeb...jg5mK,83.0,127.83
751,hmpsH...Ns9cq,83.0,127.83
752,hmqje...Krg59,83.0,127.83
753,hmqps...CPeQw,83.0,127.83
754,hmppb...WsFct,83.0,127.83
755,hmq1q...HzZ4F,83.0,127.83
756,hmptA...15X7a,83.0,127.83
757,hmreN...tm36o,83.0,127.83
758,hmoc2...15bVD,83.0,127.83
759,hmt8g...KHsBg,83.0,127.83
760,hmpeo...3rBme,83.0,127.83
761,hmnag...o4PSX,83.0,127.83
762,hmoG6...zvx5r,83.0,127.83
763,hmrVs...PsUGn,83.0,127.83
764,hmrav...MgZDE,83.0,127.83
765,hmoEo...fGa9k,83.0,127.83
766,hmqEN...5mmoo,83.0,127.83
767,hmpjz...q9Xdv,83.0,127.83
768,hmpsj...NVBET,83.0,127.83
769,hmqeu...g1h9Q,83.0,127.83
770,hmncg...a2MV2,83.0,127.83
771,hmotL...k1iu9,83.0,127.83
772,hmrNi...4VNuX,83.0,127.83
773,hmrHL...7qCQU,83.0,127.83
774,hmspY...amCvS,83.0,127.83
775,hmoMD...quqm2,83.0,127.83
776,hmoRh...vm5se,83.0,127.83
777,hmt2p...y7ArR,83.0,127.83
778,hmoEp...xCWsc,83.0,127.83
779,hmpP3...j927d,83.0,127.83
780,hmsxP...gYuWQ,83.0,127.83
781,hmoLA...8QzaR,83.0,127.83
782,hmsGc...Eqebo,83.0,127.83
783,hmquZ...SKX39,83.0,127.83
784,hmpa1...Pv6Dv,83.0,127.83
785,hmnfh...jzkqL,83.0,127.83
786,hmpC6...8PEm2,83.0,127.83
787,hmt3X...rqzs9,83.0,127.83
788,hmrGg...ZMHje,83.0,127.83
789,hmqf1...GmDEs,83.0,127.83
790,hmofW...Zng6t,83.0,127.83
791,hmoq8...sgSLq,83.0,127.83
792,hmnY4...8NVAR,83.0,127.83
793,hms3H...PDDie,83.0,127.83
794,hmrKF...TW16H,83.0,127.83
795,hmr64...S34Mb,83.0,127.83
796,hmqxP...pJiCS,83.0,127.83
797,hmsuL...hWSfD,83.0,127.83
798,hmo74...vPCr9,83.0,127.83
799,hmp1x...CvBDy,83.0,127.83
800,hmqxL...waFqr,83.0,127.83
801,hmqLH...dbUPZ,83.0,127.83
802,hmoRH...LVZT7,83.0,127.83
803,hmoG3...SxUoJ,83.0,127.83
804,hmrGg...ox29q,83.0,127.83
805,hmonr...p2xPn,83.0,127.83
806,hmrWC...ccTdS,83.0,127.83
807,hmrHA...ZTo4R,83.0,127.83
808,hmt8T...Pjs8S,83.0,127.83
809,hmnfq...j1cLo,83.0,127.83
810,hmphi...UyczT,83.0,127.83
811,hmoSX...xiLCM,83.0,127.83
812,hmsDi...h8VP2,83.0,127.83
813,hmpyU...48Jq9,83.0,127.83
814,hms96...Dc2vu,83.0,127.83
815,hmt9D...3bkgF,83.0,127.83
816,hmoTv...Rwec3,83.0,127.83
817,hmrEC...fKGmG,83.0,127.83
818,hmoHn...5Tedf,83.0,127.83
819,hmrH9...p3fWu,83.0,127.83
820,hmreA...h2hCG,83.0,127.83
821,hmsNU...iNmqs,83.0,127.83
822,hmqKY...qzLnv,83.0,127.83
823,hmqf1...wxkmo,83.0,127.83
824,hmpet...sUafn,83.0,127.83
825,hmrBf...mUmdn,83.0,127.83
826,hmsMa...DuCXf,83.0,127.83
827,hmp1g...5uWoJ,83.0,127.83
828,hmrR2...Krwmr,83.0,127.83
829,hmrTw...1WhkZ,83.0,127.83
830,hmsJw...WQibo,83.0,127.83
831,hmr97...ay439,83.0,127.83
832,hmsZ1...xZKbx,83.0,127.83
833,hmqCB...p7oh6,83.0,127.83
834,hmoc2...FTnq5,83.0,127.83
835,hmpc2...DEds4,83.0,127.83
836,hmoLU...7gPhP,83.0,127.83
837,hmsxU...VJRfw,83.0,127.83
838,hmoWu...n8KNH,83.0,127.83
839,hmq3y...FUVny,83.0,127.83
840,hmqTs...RAiwZ,83.0,127.83
841,hmpC1...5Lxd4,83.0,127.83
842,hmqCa...gJmCV,83.0,127.83
843,hmsaf...14ov6,83.0,127.83
844,hmpa6...fEMSa,83.0,127.83
845,hmrb8...6zfQJ,83.0,127.83
846,hmqvd...YWY7B,83.0,127.83
847,hmnhr...62c4X,83.0,127.83
848,hmo2n...fdNqp,83.0,127.83
849,hmp4q...6SAT8,83.0,127.83
850,hmnnw...MkA8B,83.0,127.83
851,hmoP1...nH8Xg,83.0,127.83
852,hmqcT...SfDMK,83.0,127.83
853,hmp9j...uHWPB,83.0,127.83
854,hmqX9...U8QK2,83.0,127.83
855,hmqmu...yrt7J,83.0,127.83
856,hmoCb...SnahK,83.0,127.83
857,hmrdZ...x3uzX,83.0,127.83
858,hmrGq...Aosmg,83.0,127.83
859,hms5v...UwmdR,83.0,127.83
860,hmq6z...g5kNT,83.0,127.83
861,hmrYj...wWhM5,83.0,127.83
862,hmpU6...fCfyP,83.0,127.83
863,hmoDJ...2CnJ6,83.0,127.83
864,hmsH7...spCST,83.0,127.83
865,hmq91...bAGsC,83.0,127.83
866,hmofN...Cg6ZH,83.0,127.83
867,hmoPV...R29jG,83.0,127.83
868,hmnV1...TAjE9,83.0,127.83
869,hmqxb...8Gvdg,83.0,127.83
870,hmo5J...CxmmD,83.0,127.83
871,hmsKR...67mSV,83.0,127.83
872,hmszC...LwQHv,83.0,127.83
873,hmrq6...1zPxr,83.0,127.83
874,hmrT2...eSGRx,83.0,127.83
875,hmoFL...emKWY,83.0,127.83
876,hmtBu...3KFQJ,83.0,127.83
877,hmq6e...asnpC,83.0,127.83
878,hmtDW...opN8K,83.0,127.83
879,hmq4a...eH4nc,83.0,127.83
880,hmsbo...CpnTg,83.0,127.83
881,hms1D...aDk8U,83.0,127.83
882,hmrzn...26EDp,83.0,127.83
883,hmnrL...ZDjnf,82.0,63.15
884,hmoPX...A4vkW,82.0,63.15
885,hmo2n...5kRg2,82.0,63.15
886,hmpCJ...rM1qQ,82.0,63.15
887,hmocr...gynea,82.0,63.15
888,hmqLY...ZmHia,82.0,63.15
889,hmqEB...MNX3j,82.0,63.15
890,hmq4A...2MsNo,82.0,63.15
891,hmpUq...CXVq6,82.0,63.15
892,hmqLg...dx3NH,82.0,63.15
893,hms8N...XJTtF,82.0,63.15
894,hmqpR...uWrKk,82.0,63.15
895,hmpt1...ANHAA,82.0,63.15
896,hmpWM...ut83u,82.0,63.15
897,hmpU6...7HDH8,82.0,63.15
898,hmp4D...pXPqM,82.0,63.15
899,hmoWo...3XED4,82.0,63.15
900,hmsBX...D7qT5,82.0,63.15
901,hmqX6...CpVVt,82.0,63.15
902,hmpCC...Sf2eg,82.0,63.15
903,hmrWD...aRNWD,82.0,63.15
904,hmpEn...arefZ,82.0,63.15
905,hmohe...gbXfv,82.0,63.15
906,hmoUF...EYtwr,82.0,63.15
907,hmqvQ...bxL3S,82.0,63.15
908,hmonR...5dvd5,82.0,63.15
909,hmsYL...yMFPv,82.0,63.15
910,hms3b...G1YGE,82.0,63.15
911,hmrCU...poZPS,82.0,63.15
912,hmrE3...KJKUe,82.0,63.15
913,hmsxK...r91QS,82.0,63.15
914,hmnrJ...LpRj8,82.0,63.15
915,hmqLT...akrME,82.0,63.15
916,hmqC9...EvKY6,82.0,63.15
917,hmpsT...TY29f,82.0,63.15
918,hmpUU...vT4Rw,82.0,63.15
919,hmrbZ...sGNv7,82.0,63.15
920,hmtEU...r4eTQ,82.0,63.15
921,hmphM...yAw9b,82.0,63.15
922,hmnyV...DDxFm,82.0,63.15
923,hmqc9...SMHq6,82.0,63.15
924,hmqNw...bAGBM,82.0,63.15
925,hmsxK...kUtAP,82.0,63.15
926,hmsgS...hJEJG,82.0,63.15
927,hmqnm...98Wv2,82.0,63.15
928,hmrmd...oXaL7,82.0,63.15
929,hmqgf...MtSGJ,82.0,63.15
930,hmsYn...SpBcd,82.0,63.15
931,hmspS...3NG49,82.0,63.15
932,hmrvL...sa8sz,82.0,63.15
933,hmrnH...jAk1u,82.0,63.15
934,hmqLd...ATNue,82.0,63.15
935,hmsKP...XKurE,82.0,63.15
936,hmrgw...fAaHt,82.0,63.15
937,hmphv...A9EUS,82.0,63.15
938,hmr4S...TqFXT,82.0,63.15
939,hmnXB...FaqZG,82.0,63.15
940,hmqgi...86PQW,82.0,63.15
941,hmqkJ...4jyY4,81.0,62.38
942,hmrar...pfKBB,81.0,62.38
943,hmrnB...4kdXW,81.0,62.38
944,hmpHW...VXGLt,81.0,62.38
945,hmsWV...DX5iH,81.0,62.38
946,hmp4p...KXHSk,81.0,62.38
947,hmpy4...22fbK,81.0,62.38
948,hmoHU...VEMdQ,81.0,62.38
949,hmrEX...X2PpU,81.0,62.38
950,hmsBf...Z4Vbe,81.0,62.38
951,hmq2A...dAnNq,81.0,62.38
952,hmpWT...Qt9qJ,81.0,62.38
953,hmpbW...Dmoia,81.0,62.38
954,hmsub...Kz3eu,81.0,62.38
955,hmsMS...yvLyV,81.0,62.38
956,hmqeS...WjrSy,81.0,62.38
957,hmqEv...qRMZC,81.0,62.38
958,hmp29...sfpQP,81.0,62.38
959,hmrC1...ASbQC,81.0,62.38
960,hmqQh...9a7G6,81.0,62.38
961,hmsDv...6wqeP,81.0,62.38
962,hmt8m...4zkoD,81.0,62.38
963,hmoMD...pLY8T,81.0,62.38
964,hmsdH...Yav5s,81.0,62.38
965,hms6X...vrNL8,81.0,62.38
966,hmpt2...vyFG3,81.0,62.38
967,hmnoe...GtC6M,81.0,62.38
968,hmpL3...KBV15,81.0,62.38
969,hmruf...MKB9G,81.0,62.38
970,hmqKn...mX9T5,81.0,62.38
971,hmpfG...GrbNw,81.0,62.38
972,hmqxn...zUMnf,81.0,62.38
973,hmo88...2Uvs1,81.0,62.38
974,hmpWg...zXiQV,81.0,62.38
975,hmpHY...RpiqU,81.0,62.38
976,hmpns...F4i9d,81.0,62.38
977,hmqsy...kNqVJ,81.0,62.38
978,hmq9b...Rs3yc,81.0,62.38
979,hmnz3...7jgk1,81.0,62.38
980,hmoRN...FwWRq,81.0,62.38
981,hmoFv...9X1Ai,81.0,62.38
982,hmqLd...4niEZ,81.0,62.38
983,hmnVT...3DyRC,81.0,62.38
984,hmnkZ...6Mqjf,81.0,62.38
985,hmq7R...1pMRr,81.0,62.38
986,hmqKr...6uPpk,81.0,62.38
987,hmqWK...RsXtB,81.0,62.38
988,hmneq...wwYT8,81.0,62.38
989,hmqeS...nc62N,81.0,62.38
990,hmnfW...9iZfK,81.0,62.38
991,hmsEZ...z5gUW,81.0,62.38
992,hmoRV...XN4oG,80.0,61.61
993,hmonw...oAL7M,80.0,61.61
994,hmqEq...vHJRs,80.0,61.61
995,hmsZ6...9dvS2,80.0,61.61
996,hmrrm...dqQWB,80.0,61.61
997,hmpen...CQtZp,80.0,61.61
998,hms6b...5CZke,80.0,61.61
999,hmqNa...wb74b,80.0,61.61
1000,hmpHp...1DwSE,80.0,0.0
1001,hmpnJ...cnENW,80.0,0.0
1002,hmpLN...59FWi,80.0,0.0
1003,hmsm5...fQJQw,80.0,0.0
1004,hmsTE...vfcAU,80.0,0.0
1005,hmrvA...knDDT,80.0,0.0
1006,hmpHj...pRKGN,80.0,0.0
1007,hmqbU...LtpH3,80.0,0.0
1008,hmrWj...dYzPc,80.0,0.0
1009,hmqLE...c8kGk,80.0,0.0
1010,hmtBD...HzJBF,80.0,0.0
1011,hmsuJ...59nEj,80.0,0.0
1012,hmsmW...LotpB,80.0,0.0
1013,hmrGi...uRBE2,80.0,0.0
1014,hmpgr...dgn1z,80.0,0.0
1015,hmt31...cc2FM,80.0,0.0
1016,hms1V...w6gn2,80.0,0.0
1017,hmqF2...z8L91,80.0,0.0
1018,hmoJh...v3UGM,80.0,0.0
1019,hmnr2...Rqhv7,79.0,0.0
1020,hmoG3...foy3N,79.0,0.0
1021,hmrF4...36jqN,79.0,0.0
1022,hmsDx...5Vv9t,79.0,0.0
1023,hmsQX...oBKV9,79.0,0.0
1024,hmt8S...qnABe,79.0,0.0
1025,hmsRK...tvoPT,79.0,0.0
1026,hmpbh...rm8Cf,79.0,0.0
1027,hmsRH...X4ppP,79.0,0.0
1028,hmsRJ...N4WWs,79.0,0.0
1029,hmrEF...su2Jy,79.0,0.0
1030,hmpTu...73YnY,79.0,0.0
1031,hmpse...DQm2d,79.0,0.0
1032,hmtAi...N4c4E,79.0,0.0
1033,hmqBf...m1jKe,79.0,0.0
1034,hmrNx...dLmpk,79.0,0.0
1035,hmsaz...QUb9m,79.0,0.0
1036,hmsmy...qw1HU,79.0,0.0
1037,hmsRD...JJrZF,79.0,0.0
1038,hmpsy...57WUt,79.0,0.0
1039,hmrnL...GkcJV,79.0,0.0
1040,hmsBV...dqEDK,79.0,0.0
1041,hmqFS...FBsnR,79.0,0.0
1042,hmsue...jmvtQ,79.0,0.0
1043,hmpNR...gFRqr,79.0,0.0
1044,hmq4q...NGSQL,79.0,0.0
1045,hmsHK...3BEjx,79.0,0.0
1046,hmnmC...bsu9Y,79.0,0.0
1047,hmrQt...Z1uzB,79.0,0.0
1048,hmo52...VAG1s,79.0,0.0
1049,hmoDQ...7dY8i,79.0,0.0
1050,hmquf...wssxo,79.0,0.0
1051,hmrKi...8oqz3,79.0,0.0
1052,hmnkT...w7iZg,79.0,0.0
1053,hmrhB...XrXUZ,79.0,0.0
1054,hmpFH...GihLL,79.0,0.0
1055,hmpKn...YX6zK,79.0,0.0
1056,hmoM6...teqSV,79.0,0.0
1057,hmr97...tNjRi,79.0,0.0
1058,hmo4u...F7gUx,78.0,0.0
1059,hmseQ...h2rcd,78.0,0.0
1060,hmqjn...2ciZF,78.0,0.0
1061,hmpNv...k4WxH,78.0,0.0
1062,hmt16...Kt6fm,78.0,0.0
1063,hmow9...azwYL,78.0,0.0
1064,hmsbE...VYuMJ,78.0,0.0
1065,hmnfk...X1jJm,78.0,0.0
1066,hmpso...Tx32L,78.0,0.0
1067,hmqLb...kPZ41,78.0,0.0
1068,hmsMy...zm17u,78.0,0.0
1069,hmpbm...M247v,78.0,0.0
1070,hmspQ...RfChB,78.0,0.0
1071,hmpLK...B59y1,78.0,0.0
1072,hmpRV...CNnUF,78.0,0.0
1073,hmrzp...yXFQi,78.0,0.0
1074,hmsdE...YLjBH,78.0,0.0
1075,hmrTq...cWUp9,78.0,0.0
1076,hmqmg...rQTwG,78.0,0.0
1077,hmqTm...A5Rmg,78.0,0.0
1078,hmoZM...6UoxF,78.0,0.0
1079,hmtDh...vo2Mp,78.0,0.0
1080,hmqX9...NDfzu,78.0,0.0
1081,hmsxZ...AZ6nq,78.0,0.0
1082,hmnoV...jMQai,78.0,0.0
1083,hmoyM...HGSap,78.0,0.0
1084,hmsEp...juBaR,78.0,0.0
1085,hmnwg...pQw7F,78.0,0.0
1086,hmoPB...V5Gcq,78.0,0.0
1087,hmsDx...HGuDZ,78.0,0.0
1088,hmrYF...XZZgM,78.0,0.0
1089,hmsay...W2Psx,78.0,0.0
1090,hmt2r...Vk5Wf,78.0,0.0
1091,hmo2k...8fXtv,78.0,0.0
1092,hmooV...pxdnN,78.0,0.0
1093,hmtAv...vdLAm,78.0,0.0
1094,hmqjh...M8PDf,78.0,0.0
1095,hmpNz...R3zKn,78.0,0.0
1096,hmrDx...kwQds,78.0,0.0
1097,hmqZJ...88UJG,78.0,0.0
1098,hmot4...M1jZZ,78.0,0.0
1099,hmoWf...DP3mF,78.0,0.0
1100,hmpNs...3ZHLy,77.0,0.0
1101,hmrZS...8FhN2,77.0,0.0
1102,hmptQ...Yc41N,77.0,0.0
1103,hmr6o...E9PdS,77.0,0.0
1104,hmpfG...JTmtS,77.0,0.0
1105,hmnm6...PCHKk,77.0,0.0
1106,hmoU8...bYV7T,77.0,0.0
1107,hmrTj...qxYnJ,77.0,0.0
1108,hmq4x...3vNwh,77.0,0.0
1109,hmoS1...cGWG7,77.0,0.0
1110,hmnt9...BzNKD,77.0,0.0
1111,hmpZL...hea2m,77.0,0.0
1112,hmpvs...nTsJB,76.0,0.0
1113,hmqnV...QAAeM,76.0,0.0
1114,hmrjG...gCTuc,76.0,0.0
1115,hmp9W...8NWbx,76.0,0.0
1116,hmqqW...RoFX3,76.0,0.0
1117,hmpLg...aXFEt,76.0,0.0
1118,hmqjb...6XXT1,76.0,0.0
1119,hmsmW...THUwf,76.0,0.0
1120,hmsdu...2sASF,76.0,0.0
1121,hmsDq...dEojN,76.0,0.0
1122,hmpsh...k4UQP,75.0,0.0
1123,hmqvJ...gZudk,75.0,0.0
1124,hmswu...UMA5z,75.0,0.0
1125,hmoXK...UaN4c,75.0,0.0
1126,hmt95...c5hFe,75.0,0.0
1127,hmrNt...cbddb,75.0,0.0
1128,hmsRF...YX3VY,75.0,0.0
1129,hmrTW...YWMuF,75.0,0.0
1130,hmrdd...kmFrV,75.0,0.0
1131,hmrWR...wL716,75.0,0.0
1132,hmtEM...jZAt6,75.0,0.0
1133,hmp4R...qL8SU,74.0,0.0
1134,hmqcP...iFax7,74.0,0.0
1135,hmrjc...YGJgq,74.0,0.0
1136,hmt1B...xuvXm,74.0,0.0
1137,hmsdT...9pJ8j,74.0,0.0
1138,hmniK...zMXmF,74.0,0.0
1139,hmoiE...UQjtF,74.0,0.0
1140,hmpgv...hL4zF,74.0,0.0
1141,hmqhe...VH1s5,74.0,0.0
1142,hmr9u...H3G9d,73.0,0.0
1143,hmrzn...Sbaa8,73.0,0.0
1144,hmsVS...s13yz,73.0,0.0
1145,hmqpR...YPx23,73.0,0.0
1146,hmt3G...BgzcS,73.0,0.0
1147,hmod5...joAL1,73.0,0.0
1148,hmqeu...SxEXQ,73.0,0.0
1149,hmqZH...PT4n8,73.0,0.0
1150,hmqHY...AcXUM,73.0,0.0
1151,hmrKP...9QvbE,73.0,0.0
1152,hmpvZ...8Rf3m,73.0,0.0
1153,hmrn3...3a9up,72.0,0.0
1154,hmnof...nWppx,72.0,0.0
1155,hmpsS...vsUnc,72.0,0.0
1156,hmq4r...UkpKg,72.0,0.0
1157,hmpFJ...7BSYm,72.0,0.0
1158,hmsVP...Q7D2Q,72.0,0.0
1159,hmqQs...qN9gt,72.0,0.0
1160,hmp2M...BYwmR,72.0,0.0
1161,hms1B...fBtzY,72.0,0.0
1162,hmp56...AuLcs,72.0,0.0
1163,hmrKK...phA6Q,72.0,0.0
1164,hmqkG...h7fJ3,72.0,0.0
1165,hmsGu...4xbkS,72.0,0.0
1166,hmrHQ...woLR2,72.0,0.0
1167,hmniW...DYYSc,72.0,0.0
1168,hmr4K...kW1GQ,72.0,0.0
1169,hmpy5...GFNp9,72.0,0.0
1170,hmovD...8XkYh,72.0,0.0
1171,hmoLy...HgE29,72.0,0.0
1172,hmqFS...sSKnT,72.0,0.0
1173,hmoPB...TbtRW,72.0,0.0
1174,hmpKt...KQp73,72.0,0.0
1175,hmoho...gmjV7,71.0,0.0
1176,hmpL7...t2Azv,71.0,0.0
1177,hmqn7...FCFm4,71.0,0.0
1178,hmsBM...MhAUR,71.0,0.0
1179,hmrWU...Bnmmz,71.0,0.0
1180,hmqmg...cWiSf,71.0,0.0
1181,hmno3...zfJ1r,71.0,0.0
1182,hmqdu...i5yaE,71.0,0.0
1183,hmpbY...tqRTu,70.0,0.0
1184,hmone...Qg6VL,70.0,0.0
1185,hmoPU...bjCcu,70.0,0.0
1186,hmsgK...5hibh,70.0,0.0
1187,hmrHL...o5m6V,70.0,0.0
1188,hmoZJ...XgY2J,69.0,0.0
1189,hmpt3...m1xPs,69.0,0.0
1190,hmnyn...oDtWP,69.0,0.0
1191,hmrv6...cidt1,69.0,0.0
1192,hmphB...hLRoe,69.0,0.0
1193,hmruh...GqQ2h,68.0,0.0
1194,hmnam...uVEQr,68.0,0.0
1195,hmsSj...TWoKX,68.0,0.0
1196,hmpZ6...7SM9E,68.0,0.0
1197,hmrTJ...jvQKQ,68.0,0.0
1198,hmq4a...PTURK,68.0,0.0
1199,hmr1q...xpXhJ,68.0,0.0
1200,hmqv2...Uz9XE,68.0,0.0
1201,hmoSF...nA9if,68.0,0.0
1202,hmrjP...X3K3e,68.0,0.0
1203,hmqdn...iGrhH,68.0,0.0
1204,hmrjt...Z5UTx,68.0,0.0
1205,hmoyQ...8rU9H,68.0,0.0
1206,hmrGZ...Ththa,67.0,0.0
1207,hmqR1...bDcgu,67.0,0.0
1208,hmsHE...cGRQW,67.0,0.0
1209,hmtBs...223q7,67.0,0.0
1210,hmnV8...gKKMj,67.0,0.0
1211,hmswf...7nW5E,66.0,0.0
1212,hmnZr...7kD57,66.0,0.0
1213,hmpa4...bm9ZJ,66.0,0.0
1214,hmnid...6X2fy,66.0,0.0
1215,hmpv2...JSynv,66.0,0.0
1216,hmph6...Xx9Rc,66.0,0.0
1217,hmruy...KwyAX,66.0,0.0
1218,hmsVc...cHz9q,66.0,0.0
1219,hmq1Y...PBF8r,65.0,0.0
1220,hmoaJ...mEyGr,65.0,0.0
1221,hmntr...8PTce,65.0,0.0
1222,hmqQj...wmsnP,65.0,0.0
1223,hmnaj...DYm3K,65.0,0.0
1224,hmrne...hSCJA,65.0,0.0
1225,hmoMJ...wSNdQ,64.0,0.0
1226,hmrc1...HNqF6,64.0,0.0
1227,hmpvA...4F1G2,64.0,0.0
1228,hmrQR...EtXVF,64.0,0.0
1229,hmoUV...SDCjg,64.0,0.0
1230,hmoA4...MtmC2,63.0,0.0
1231,hmpKr...vRyLv,63.0,0.0
1232,hmp7Y...bpL4x,63.0,0.0
1233,hmqCm...MFWM1,63.0,0.0
1234,hmrgF...xBcbM,63.0,0.0
1235,hmqNJ...VC4Vr,63.0,0.0
1236,hmnXM...otDHr,63.0,0.0
1237,hmqyB...C6CNS,63.0,0.0
1238,hmsuN...aNUED,62.0,0.0
1239,hmpsv...7rmCt,62.0,0.0
1240,hmoUj...h5byL,62.0,0.0
1241,hmsVS...XASLt,61.0,0.0
1242,hmqup...mLPzR,61.0,0.0
1243,hmot1...WQxgp,61.0,0.0
1244,hmnoi...31kE6,60.0,0.0
1245,hmrW4...wP8wg,60.0,0.0
1246,hmqTo...sr3co,60.0,0.0
1247,hmsxp...iktFP,60.0,0.0
1248,hmnZi...pZtjk,60.0,0.0
1249,hmoes...wPwLv,60.0,0.0
1250,hmszW...vVd6Y,60.0,0.0
1251,hmsdA...fGXcF,59.0,0.0
1252,hmrE3...Nh6nu,59.0,0.0
1253,hmqxG...5xkt3,59.0,0.0
1254,hmoNz...x7GTS,59.0,0.0
1255,hmoV6...1Rxre,59.0,0.0
1256,hmpWr...bQgtc,59.0,0.0
1257,hmsYD...qDEi7,59.0,0.0
1258,hmqsw...ziZkP,59.0,0.0
1259,hmoS1...PEfXP,59.0,0.0
1260,hmswj...FCDR2,58.0,0.0
1261,hmsC9...BLUmv,58.0,0.0
1262,hmruc...oRaPo,58.0,0.0
1263,hmoqF...n3p5W,58.0,0.0
1264,hmrj5...Dm4X3,58.0,0.0
1265,hmneh...ga5Fa,57.0,0.0
1266,hmtAy...ju2n6,57.0,0.0
1267,hmrsi...wKMne,57.0,0.0
1268,hmrCH...DoJui,57.0,0.0
1269,hmt5a...nQ73X,57.0,0.0
1270,hmpkL...B7CoT,57.0,0.0
1271,hmqVu...S9J6r,57.0,0.0
1272,hmqnH...U9ZTC,57.0,0.0
1273,hmo5Y...nS4Ub,56.0,0.0
1274,hmt5R...u91gD,56.0,0.0
1275,hmqYk...r3T8K,56.0,0.0
1276,hmsY6...xE9db,56.0,0.0
1277,hmoqZ...tN7GR,56.0,0.0
1278,hmqvG...9Nkje,55.0,0.0
1279,hmoDD...Z4YmH,55.0,0.0
1280,hmqna...e5Y7Y,55.0,0.0
1281,hmqFR...qwGs1,55.0,0.0
1282,hmq1a...kH2Qb,55.0,0.0
1283,hmqdu...LckKk,55.0,0.0
1284,hmssD...DERUJ,55.0,0.0
1285,hmspH...CyY5M,55.0,0.0
1286,hmqTu...k8aj8,55.0,0.0
1287,hmqHv...Rsc1v,54.0,0.0
1288,hmoo1...wsrfx,54.0,0.0
1289,hmqhg...6tTsQ,54.0,0.0
1290,hmrWY...SE2yq,53.0,0.0
1291,hmo9t...iPoLp,53.0,0.0
1292,hmqUG...GEUAj,52.0,0.0
1293,hmqGw...EXrsm,52.0,0.0
1294,hmqWk...QKg74,52.0,0.0
1295,hmsEh...R6ovH,52.0,0.0
1296,hmpWW...Dvj3R,51.0,0.0
1297,hmoa2...b1G6Z,51.0,0.0
1298,hmt8V...bvAUZ,51.0,0.0
1299,hmrrd...eW85s,51.0,0.0
1300,hmqUK...wW4on,51.0,0.0
1301,hmrc6...quFrT,51.0,0.0
1302,hmncW...HWyDW,51.0,0.0
1303,hmpJ2...kMoPQ,51.0,0.0
1304,hmsZD...cwV28,51.0,0.0
1305,hmqy6...MSAKo,50.0,0.0
1306,hmrQX...a9dkj,50.0,0.0
1307,hmr8y...1fW6s,50.0,0.0
1308,hmqcK...7TCwy,50.0,0.0
1309,hms5u...BPEc3,50.0,0.0
1310,hmoeg...apgvB,49.0,0.0
1311,hmqsi...2NZ8b,49.0,0.0
1312,hmnod...bjdrJ,49.0,0.0
1313,hmqRw...dXAGN,49.0,0.0
1314,hmt12...p86nc,49.0,0.0
1315,hmqPF...ndNUd,48.0,0.0
1316,hmsjQ...LxgA7,48.0,0.0
1317,hmnvX...GXJG6,48.0,0.0
1318,hmo72...uauGh,48.0,0.0
1319,hmquZ...9q17E,48.0,0.0
1320,hmrn1...CjWat,47.0,0.0
1321,hmrEx...RUHm4,47.0,0.0
1322,hmpgh...ZcnvJ,47.0,0.0
1323,hmoUT...vtEsx,47.0,0.0
1324,hmpfG...U8V53,47.0,0.0
1325,hmrC9...ekdeW,47.0,0.0
1326,hmr97...9fok7,47.0,0.0
1327,hmny5...zDDaS,46.0,0.0
1328,hmoZj...h43KT,46.0,0.0
1329,hmnWz...uzmaa,46.0,0.0
1330,hms9U...MBjqX,46.0,0.0
1331,hmnyP...G6ygP,46.0,0.0
1332,hmqpH...QDz3s,46.0,0.0
1333,hmqNG...zZY7M,45.0,0.0
1334,hmoXW...uFUJN,45.0,0.0
1335,hmrU7...m7jKn,45.0,0.0
1336,hmsVU...2xTNs,45.0,0.0
1337,hmqYi...rWNvD,45.0,0.0
1338,hmpy9...X6keo,45.0,0.0
1339,hmocy...VJRJe,45.0,0.0
1340,hmqEp...ZynFw,45.0,0.0
1341,hmoiF...6twtz,45.0,0.0
1342,hmqmm...6o2nm,45.0,0.0
1343,hmqWf...rNp9x,45.0,0.0
1344,hmrpq...zzBEj,45.0,0.0
1345,hmnhQ...gdNe8,45.0,0.0
1346,hmt8e...bUVq1,44.0,0.0
1347,hmrYh...w9KAX,44.0,0.0
1348,hmoxx...9GwuD,44.0,0.0
1349,hmp72...Ty3GC,44.0,0.0
1350,hmqxJ...MXk4h,44.0,0.0
1351,hmrxT...kyX64,44.0,0.0
1352,hmnia...v1KP5,43.0,0.0
1353,hmoAN...V9Y2y,43.0,0.0
1354,hmqRr...Jbyjf,42.0,0.0
1355,hmner...Vx7tm,42.0,0.0
1356,hmsZ9...jtwuX,42.0,0.0
1357,hmoRw...YQMMD,42.0,0.0
1358,hmnoh...znfyH,42.0,0.0
1359,hmnsp...bLrVz,42.0,0.0
1360,hmr24...7JC2k,42.0,0.0
1361,hmsEh...Vkrbw,42.0,0.0
1362,hmqBb...aVxz6,42.0,0.0
1363,hms1J...1xZJP,42.0,0.0
1364,hmpba...husyu,42.0,0.0
1365,hmnkv...CPxdV,42.0,0.0
1366,hms69...UAenu,42.0,0.0
1367,hmswk...8u864,42.0,0.0
1368,hmrYR...N117C,42.0,0.0
1369,hmnmC...D72X7,42.0,0.0
1370,hmr71...UAWLa,42.0,0.0
1371,hmqbB...458pC,42.0,0.0
1372,hmsoj...ns1WK,42.0,0.0
1373,hmrb8...1VhF5,42.0,0.0
1374,hmrKT...VASDh,42.0,0.0
1375,hmtE2...sYAfi,42.0,0.0
1376,hmsmw...fnFus,42.0,0.0
1377,hmqZP...yJYeQ,42.0,0.0
1378,hmrVq...78Kzm,42.0,0.0
1379,hmpHd...rmjdz,42.0,0.0
1380,hmrq1...Tih42,42.0,0.0
1381,hmruH...SWgAo,42.0,0.0
1382,hmrps...Jcmas,42.0,0.0
1383,hmqbU...tWRuk,42.0,0.0
1384,hmrbp...WzgKq,42.0,0.0
1385,hmtBK...S9J3y,41.0,0.0
1386,hmoa6...sUsgu,41.0,0.0
1387,hmnhV...aZmBS,41.0,0.0
1388,hmp21...s9Xgn,40.0,0.0
1389,hmonT...LwMfx,40.0,0.0
1390,hmrTP...wcPFh,40.0,0.0
1391,hmoDB...CAaVN,39.0,0.0
1392,hmr9G...3o1wb,39.0,0.0
1393,hmsoo...GDVKp,39.0,0.0
1394,hmsdr...pa91z,39.0,0.0
1395,hmsGk...PokfB,39.0,0.0
1396,hmoyE...n7A3j,39.0,0.0
1397,hmokZ...cRdoe,39.0,0.0
1398,hmr3j...WzjMT,39.0,0.0
1399,hmreR...mWUTR,38.0,0.0
1400,hmsK9...spjX5,38.0,0.0
1401,hmoLC...qiyNF,37.0,0.0
1402,hmqry...YpVxh,37.0,0.0
1403,hmpej...8nxoN,37.0,0.0
1404,hmsKd...wdTkU,37.0,0.0
1405,hmqNF...7yubg,37.0,0.0
1406,hmptB...FWBHQ,37.0,0.0
1407,hms6U...hwER1,37.0,0.0
1408,hmpnN...9eRML,37.0,0.0
1409,hmqsN...LBvtt,37.0,0.0
1410,hmtAm...AeDfV,36.0,0.0
1411,hmoCK...cJG8p,36.0,0.0
1412,hmsSp...pitjL,36.0,0.0
1413,hmp1z...ZHJWQ,35.0,0.0
1414,hmrbT...tawYK,35.0,0.0
1415,hmphW...SMxbu,34.0,0.0
1416,hmr1F...TeZjF,34.0,0.0
1417,hmt87...JEgkz,34.0,0.0
1418,hmsAy...3JsPX,34.0,0.0
1419,hmsTv...o7CVL,33.0,0.0
1420,hmrBu...kFM5z,33.0,0.0
1421,hmsuE...DyTS4,33.0,0.0
1422,hmpRc...nT25P,33.0,0.0
1423,hmot3...UDB59,33.0,0.0
1424,hmr74...JQ1WH,32.0,0.0
1425,hmqhC...kH5uQ,32.0,0.0
1426,hmp4z...KJvk5,32.0,0.0
1427,hmqFS...EZtPP,31.0,0.0
1428,hmq6h...UL54b,31.0,0.0
1429,hmoUb...erQH7,31.0,0.0
1430,hmqTm...WwbvH,29.0,0.0
1431,hmrbz...z5DJa,28.0,0.0
1432,hmsKW...pXb1b,28.0,0.0
1433,hmph4...8RBAG,27.0,0.0
1434,hmnyj...DcKKu,27.0,0.0
1435,hmrpB...w3wH2,26.0,0.0
1436,hmrWc...kTAMy,26.0,0.0
1437,hmony...TVz7w,26.0,0.0
1438,hmnvo...pqhfs,26.0,0.0
1439,hmqxy...gtdtw,25.0,0.0
1440,hmqjm...MiWeH,24.0,0.0
1441,hmoeu...GvM7x,24.0,0.0
1442,hmq6c...gB8tv,24.0,0.0
1443,hmoc1...2oQw2,23.0,0.0
1444,hmpsc...SDTfu,23.0,0.0
1445,hmp2T...eNyw5,23.0,0.0
1446,hmok5...9jTVV,22.0,0.0
1447,hmsMo...JypEJ,22.0,0.0
1448,hmrBU...QVPw3,22.0,0.0
1449,hmnsx...E9uFE,21.0,0.0
1450,hmnVH...351Pr,20.0,0.0
1451,hmsBV...ufYco,19.0,0.0
1452,hmph5...zS9pn,19.0,0.0
1453,hmo4M...Bxa1d,19.0,0.0
1454,hmqbM...rfUEW,18.0,0.0
1455,hmrGr...iPNUQ,17.0,0.0
1456,hmsdM...dYYHp,17.0,0.0
1457,hmphg...cDwtV,17.0,0.0
1458,hmnaP...UfxSk,16.0,0.0
1459,hmrbB...Qp33T,16.0,0.0
1460,hmqvA...xvMBT,15.0,0.0
1461,hmr9h...sWPc9,14.0,0.0
1462,hmt67...d8xuH,13.0,0.0
1463,hmpnt...PLjEZ,13.0,0.0
1464,hmoSM...s8H2N,12.0,0.0
1465,hmnXe...4HCtH,12.0,0.0
1466,hmsAw...K5teN,11.0,0.0
1467,hmnjz...szyKT,11.0,0.0
1468,hmrVg...ASRck,11.0,0.0
1469,hmoqd...7zTTu,11.0,0.0
1470,hmqhA...sFgVT,11.0,0.0
1471,hmpkP...cYs69,10.0,0.0
1472,hmt98...LZmnr,10.0,0.0
1473,hmt8B...yS5eq,8.0,0.0
1474,hmnvt...B2pwk,8.0,0.0
1475,hmqy5...oxBkA,7.0,0.0
1476,hmo2d...EfGZG,7.0,0.0
1477,hmpWP...RJDC2,6.0,0.0
1478,hmqHU...i9Q9f,5.0,0.0
1479,hmpEg...wuZ7c,5.0,0.0
1480,hmsKy...rKE5i,5.0,0.0
1481,hmqHt...xSetT,4.0,0.0
1482,hmoPh...w4kix,4.0,0.0
1483,hmsMU...y6qj2,4.0,0.0
1484,hmsHC...kNssC,4.0,0.0
1485,hmoqR...35hd1,4.0,0.0
1486,hmrn3...c2gpf,4.0,0.0
1487,hmqeY...tS7MQ,3.0,0.0
1488,hmpHS...V9Pfy,3.0,0.0
1489,hmoeS...m8Gpr,3.0,0.0
1490,hmpFj...k4yvw,3.0,0.0
1491,hmqEc...aft6b,2.0,0.0
1492,hmsDu...jFDdX,2.0,0.0
1493,hmqhL...yaK6r,2.0,0.0
1494,hmqjC...PvEVV,1.0,0.0
1495,hmpyj...W1RN6,1.0,0.0
1496,hmqh5...SPbCq,1.0,0.0
1497,hmonK...8HUga,1.0,0.0
1498,hmp9a...o9cTu,0.0,0.0
